ID,vehicalDetails_vehicalNo,plotNo_plot_NO,assignedDate
1,ABC123,A101,2024-06-01
2,XYZ456,B202,2024-06-02
3,LMN789,C303,2024-06-03
4,QWE234,D404,2024-06-04
5,RTY567,E505,2024-06-05
6,UIO890,F606,2024-06-06
7,ASD345,G707,2024-06-07
8,FGH678,H808,2024-06-08
9,ZXC123,I909,2024-06-09
10,VBN456,J1010,2024-06-10
11,JKL789,K1111,2024-06-11
12,HJK234,L1212,2024-06-12
13,BNM567,M1313,2024-06-13
14,QAZ890,N1414,2024-06-14
15,WSX345,O1515,2024-06-15
